{
  "IsCloudStoreUrl": true,
  "StoreUrl": "https://cloud.uipath.com/tcsiwcktud/PersonalBot/dataservice_/entities",
  "TenantName": "PersonalBot",
  "Namespace": "BBQN_Main",
  "SelectedEntitiesNames": [
    "BBQNConsolidated",
    "BBQNVerify"
  ],
  "Entities": [
    {
      "Id": "b1d937a1-a129-eb11-9fb4-000d3a22a01c",
      "Name": "BBQNConsolidated",
      "DisplayName": "BBQN - Consolidated",
      "Description": "",
      "CreateTime": "2020-11-18T13:26:14.617Z",
      "UpdateTime": "2020-11-18T13:28:20.107Z",
      "Fields": [
        {
          "Id": "2cf8d4cc-a129-eb11-9fb4-000d3a22a01c",
          "Name": "BookingDate",
          "DisplayName": "BookingDate",
          "Description": "",
          "CreateTime": "2020-11-18T13:27:27.8Z",
          "UpdateTime": "2020-11-20T03:57:48.617Z",
          "SqlType": {
            "Name": "NVARCHAR",
            "LengthLimit": 200,
            "MaxValue": null,
            "MinValue": null,
            "DecimalPrecision": null
          },
          "IsSystemField": false,
          "IsRequired": false,
          "ReferenceEntity": null,
          "ReferenceType": "ManyToOne",
          "FieldDisplayType": "Basic",
          "ReferenceChoiceSet": null,
          "IsAttachment": false
        },
        {
          "Id": "eb77cbe4-a129-eb11-9fb4-000d3a22a01c",
          "Name": "Count",
          "DisplayName": "Count",
          "Description": "",
          "CreateTime": "2020-11-18T13:28:07.987Z",
          "UpdateTime": "2020-11-20T03:57:57.463Z",
          "SqlType": {
            "Name": "NVARCHAR",
            "LengthLimit": 200,
            "MaxValue": null,
            "MinValue": null,
            "DecimalPrecision": null
          },
          "IsSystemField": false,
          "IsRequired": false,
          "ReferenceEntity": null,
          "ReferenceType": "ManyToOne",
          "FieldDisplayType": "Basic",
          "ReferenceChoiceSet": null,
          "IsAttachment": false
        },
        {
          "Id": "b4d937a1-a129-eb11-9fb4-000d3a22a01c",
          "Name": "CreatedBy",
          "DisplayName": "CreatedBy",
          "Description": "System built-in field",
          "CreateTime": "2020-11-18T13:26:14.627Z",
          "UpdateTime": "2020-11-18T13:26:14.627Z",
          "SqlType": {
            "Name": "UNIQUEIDENTIFIER",
            "LengthLimit": null,
            "MaxValue": null,
            "MinValue": null,
            "DecimalPrecision": null
          },
          "IsSystemField": true,
          "IsRequired": true,
          "ReferenceEntity": null,
          "ReferenceType": "ManyToOne",
          "FieldDisplayType": "Basic",
          "ReferenceChoiceSet": null,
          "IsAttachment": false
        },
        {
          "Id": "b3d937a1-a129-eb11-9fb4-000d3a22a01c",
          "Name": "CreateTime",
          "DisplayName": "CreateTime",
          "Description": "System built-in field",
          "CreateTime": "2020-11-18T13:26:14.627Z",
          "UpdateTime": "2020-11-18T13:26:14.627Z",
          "SqlType": {
            "Name": "DATETIMEOFFSET",
            "LengthLimit": null,
            "MaxValue": null,
            "MinValue": null,
            "DecimalPrecision": null
          },
          "IsSystemField": true,
          "IsRequired": true,
          "ReferenceEntity": null,
          "ReferenceType": "ManyToOne",
          "FieldDisplayType": "Basic",
          "ReferenceChoiceSet": null,
          "IsAttachment": false
        },
        {
          "Id": "94126fde-a129-eb11-9fb4-000d3a22a01c",
          "Name": "Dinner",
          "DisplayName": "Dinner",
          "Description": "",
          "CreateTime": "2020-11-18T13:27:57.323Z",
          "UpdateTime": "2020-11-20T03:57:53.243Z",
          "SqlType": {
            "Name": "NVARCHAR",
            "LengthLimit": 200,
            "MaxValue": null,
            "MinValue": null,
            "DecimalPrecision": null
          },
          "IsSystemField": false,
          "IsRequired": false,
          "ReferenceEntity": null,
          "ReferenceType": "ManyToOne",
          "FieldDisplayType": "Basic",
          "ReferenceChoiceSet": null,
          "IsAttachment": false
        },
        {
          "Id": "b2d937a1-a129-eb11-9fb4-000d3a22a01c",
          "Name": "Id",
          "DisplayName": "Id",
          "Description": "System built-in field",
          "CreateTime": "2020-11-18T13:26:14.627Z",
          "UpdateTime": "2020-11-18T13:26:14.627Z",
          "SqlType": {
            "Name": "UNIQUEIDENTIFIER",
            "LengthLimit": null,
            "MaxValue": null,
            "MinValue": null,
            "DecimalPrecision": null
          },
          "IsSystemField": true,
          "IsRequired": true,
          "ReferenceEntity": null,
          "ReferenceType": "ManyToOne",
          "FieldDisplayType": "Basic",
          "ReferenceChoiceSet": null,
          "IsAttachment": false
        },
        {
          "Id": "399b18c4-a129-eb11-9fb4-000d3a22a01c",
          "Name": "Location",
          "DisplayName": "Location",
          "Description": "",
          "CreateTime": "2020-11-18T13:27:13.147Z",
          "UpdateTime": "2020-11-20T03:58:02.887Z",
          "SqlType": {
            "Name": "NVARCHAR",
            "LengthLimit": 200,
            "MaxValue": null,
            "MinValue": null,
            "DecimalPrecision": null
          },
          "IsSystemField": false,
          "IsRequired": false,
          "ReferenceEntity": null,
          "ReferenceType": "ManyToOne",
          "FieldDisplayType": "Basic",
          "ReferenceChoiceSet": null,
          "IsAttachment": false
        },
        {
          "Id": "513f16d4-a129-eb11-9fb4-000d3a22a01c",
          "Name": "Lunch",
          "DisplayName": "Lunch",
          "Description": "",
          "CreateTime": "2020-11-18T13:27:39.973Z",
          "UpdateTime": "2020-11-20T03:58:07.413Z",
          "SqlType": {
            "Name": "NVARCHAR",
            "LengthLimit": 200,
            "MaxValue": null,
            "MinValue": null,
            "DecimalPrecision": null
          },
          "IsSystemField": false,
          "IsRequired": false,
          "ReferenceEntity": null,
          "ReferenceType": "ManyToOne",
          "FieldDisplayType": "Basic",
          "ReferenceChoiceSet": null,
          "IsAttachment": false
        },
        {
          "Id": "d5f939bc-a129-eb11-9fb4-000d3a22a01c",
          "Name": "OTP",
          "DisplayName": "OTP",
          "Description": "",
          "CreateTime": "2020-11-18T13:26:59.92Z",
          "UpdateTime": "2020-11-20T03:58:12.227Z",
          "SqlType": {
            "Name": "NVARCHAR",
            "LengthLimit": 200,
            "MaxValue": null,
            "MinValue": null,
            "DecimalPrecision": null
          },
          "IsSystemField": false,
          "IsRequired": false,
          "ReferenceEntity": null,
          "ReferenceType": "ManyToOne",
          "FieldDisplayType": "Basic",
          "ReferenceChoiceSet": null,
          "IsAttachment": false
        },
        {
          "Id": "993403ec-a129-eb11-9fb4-000d3a22a01c",
          "Name": "Timings",
          "DisplayName": "Timings",
          "Description": "",
          "CreateTime": "2020-11-18T13:28:20.103Z",
          "UpdateTime": "2020-11-20T03:58:20.8Z",
          "SqlType": {
            "Name": "NVARCHAR",
            "LengthLimit": 200,
            "MaxValue": null,
            "MinValue": null,
            "DecimalPrecision": null
          },
          "IsSystemField": false,
          "IsRequired": false,
          "ReferenceEntity": null,
          "ReferenceType": "ManyToOne",
          "FieldDisplayType": "Basic",
          "ReferenceChoiceSet": null,
          "IsAttachment": false
        },
        {
          "Id": "b6d937a1-a129-eb11-9fb4-000d3a22a01c",
          "Name": "UpdatedBy",
          "DisplayName": "UpdatedBy",
          "Description": "System built-in field",
          "CreateTime": "2020-11-18T13:26:14.627Z",
          "UpdateTime": "2020-11-18T13:26:14.627Z",
          "SqlType": {
            "Name": "UNIQUEIDENTIFIER",
            "LengthLimit": null,
            "MaxValue": null,
            "MinValue": null,
            "DecimalPrecision": null
          },
          "IsSystemField": true,
          "IsRequired": false,
          "ReferenceEntity": null,
          "ReferenceType": "ManyToOne",
          "FieldDisplayType": "Basic",
          "ReferenceChoiceSet": null,
          "IsAttachment": false
        },
        {
          "Id": "b5d937a1-a129-eb11-9fb4-000d3a22a01c",
          "Name": "UpdateTime",
          "DisplayName": "UpdateTime",
          "Description": "System built-in field",
          "CreateTime": "2020-11-18T13:26:14.627Z",
          "UpdateTime": "2020-11-18T13:26:14.627Z",
          "SqlType": {
            "Name": "DATETIMEOFFSET",
            "LengthLimit": null,
            "MaxValue": null,
            "MinValue": null,
            "DecimalPrecision": null
          },
          "IsSystemField": true,
          "IsRequired": false,
          "ReferenceEntity": null,
          "ReferenceType": "ManyToOne",
          "FieldDisplayType": "Basic",
          "ReferenceChoiceSet": null,
          "IsAttachment": false
        }
      ],
      "RecordCount": 3,
      "EntityType": "Entity"
    },
    {
      "Id": "6df33d05-a229-eb11-9fb4-000d3a22a01c",
      "Name": "BBQNVerify",
      "DisplayName": "BBQN-Verify",
      "Description": "",
      "CreateTime": "2020-11-18T13:29:02.43Z",
      "UpdateTime": "2020-11-20T03:30:11.317Z",
      "Fields": [
        {
          "Id": "70f33d05-a229-eb11-9fb4-000d3a22a01c",
          "Name": "CreatedBy",
          "DisplayName": "CreatedBy",
          "Description": "System built-in field",
          "CreateTime": "2020-11-18T13:29:02.447Z",
          "UpdateTime": "2020-11-18T13:29:02.447Z",
          "SqlType": {
            "Name": "UNIQUEIDENTIFIER",
            "LengthLimit": null,
            "MaxValue": null,
            "MinValue": null,
            "DecimalPrecision": null
          },
          "IsSystemField": true,
          "IsRequired": true,
          "ReferenceEntity": null,
          "ReferenceType": "ManyToOne",
          "FieldDisplayType": "Basic",
          "ReferenceChoiceSet": null,
          "IsAttachment": false
        },
        {
          "Id": "6ff33d05-a229-eb11-9fb4-000d3a22a01c",
          "Name": "CreateTime",
          "DisplayName": "CreateTime",
          "Description": "System built-in field",
          "CreateTime": "2020-11-18T13:29:02.447Z",
          "UpdateTime": "2020-11-18T13:29:02.447Z",
          "SqlType": {
            "Name": "DATETIMEOFFSET",
            "LengthLimit": null,
            "MaxValue": null,
            "MinValue": null,
            "DecimalPrecision": null
          },
          "IsSystemField": true,
          "IsRequired": true,
          "ReferenceEntity": null,
          "ReferenceType": "ManyToOne",
          "FieldDisplayType": "Basic",
          "ReferenceChoiceSet": null,
          "IsAttachment": false
        },
        {
          "Id": "6ef33d05-a229-eb11-9fb4-000d3a22a01c",
          "Name": "Id",
          "DisplayName": "Id",
          "Description": "System built-in field",
          "CreateTime": "2020-11-18T13:29:02.447Z",
          "UpdateTime": "2020-11-18T13:29:02.447Z",
          "SqlType": {
            "Name": "UNIQUEIDENTIFIER",
            "LengthLimit": null,
            "MaxValue": null,
            "MinValue": null,
            "DecimalPrecision": null
          },
          "IsSystemField": true,
          "IsRequired": true,
          "ReferenceEntity": null,
          "ReferenceType": "ManyToOne",
          "FieldDisplayType": "Basic",
          "ReferenceChoiceSet": null,
          "IsAttachment": false
        },
        {
          "Id": "936abe10-a229-eb11-9fb4-000d3a22a01c",
          "Name": "MobileNumber",
          "DisplayName": "Mobile Number",
          "Description": "",
          "CreateTime": "2020-11-18T13:29:21.73Z",
          "UpdateTime": "2020-11-19T18:27:05.78Z",
          "SqlType": {
            "Name": "NVARCHAR",
            "LengthLimit": 200,
            "MaxValue": null,
            "MinValue": null,
            "DecimalPrecision": null
          },
          "IsSystemField": false,
          "IsRequired": false,
          "ReferenceEntity": null,
          "ReferenceType": "ManyToOne",
          "FieldDisplayType": "Basic",
          "ReferenceChoiceSet": null,
          "IsAttachment": false
        },
        {
          "Id": "ab67861c-a229-eb11-9fb4-000d3a22a01c",
          "Name": "OTP",
          "DisplayName": "OTP",
          "Description": "",
          "CreateTime": "2020-11-18T13:29:41.49Z",
          "UpdateTime": "2020-11-20T04:28:59.863Z",
          "SqlType": {
            "Name": "UNIQUEIDENTIFIER",
            "LengthLimit": 200,
            "MaxValue": null,
            "MinValue": null,
            "DecimalPrecision": null
          },
          "IsSystemField": false,
          "IsRequired": false,
          "ReferenceEntity": {
            "Name": "BBQNConsolidated"
          },
          "ReferenceType": "ManyToOne",
          "FieldDisplayType": "Relationship",
          "ReferenceChoiceSet": null,
          "IsAttachment": false
        },
        {
          "Id": "72f33d05-a229-eb11-9fb4-000d3a22a01c",
          "Name": "UpdatedBy",
          "DisplayName": "UpdatedBy",
          "Description": "System built-in field",
          "CreateTime": "2020-11-18T13:29:02.447Z",
          "UpdateTime": "2020-11-18T13:29:02.447Z",
          "SqlType": {
            "Name": "UNIQUEIDENTIFIER",
            "LengthLimit": null,
            "MaxValue": null,
            "MinValue": null,
            "DecimalPrecision": null
          },
          "IsSystemField": true,
          "IsRequired": false,
          "ReferenceEntity": null,
          "ReferenceType": "ManyToOne",
          "FieldDisplayType": "Basic",
          "ReferenceChoiceSet": null,
          "IsAttachment": false
        },
        {
          "Id": "71f33d05-a229-eb11-9fb4-000d3a22a01c",
          "Name": "UpdateTime",
          "DisplayName": "UpdateTime",
          "Description": "System built-in field",
          "CreateTime": "2020-11-18T13:29:02.447Z",
          "UpdateTime": "2020-11-18T13:29:02.447Z",
          "SqlType": {
            "Name": "DATETIMEOFFSET",
            "LengthLimit": null,
            "MaxValue": null,
            "MinValue": null,
            "DecimalPrecision": null
          },
          "IsSystemField": true,
          "IsRequired": false,
          "ReferenceEntity": null,
          "ReferenceType": "ManyToOne",
          "FieldDisplayType": "Basic",
          "ReferenceChoiceSet": null,
          "IsAttachment": false
        }
      ],
      "RecordCount": 2,
      "EntityType": "Entity"
    }
  ],
  "EntitiesJson": "{\"entities\":[{\"name\":\"BBQNConsolidated\",\"displayName\":\"BBQN - Consolidated\",\"entityTypeId\":0,\"entityType\":\"Entity\",\"description\":\"\",\"fields\":[{\"id\":\"2cf8d4cc-a129-eb11-9fb4-000d3a22a01c\",\"name\":\"BookingDate\",\"isPrimaryKey\":false,\"isForeignKey\":false,\"isUnique\":false,\"referenceType\":\"ManyToOne\",\"sqlType\":{\"name\":\"NVARCHAR\",\"lengthLimit\":200},\"isRequired\":false,\"displayName\":\"BookingDate\",\"description\":\"\",\"createTime\":\"2020-11-18T13:27:27.8Z\",\"createdBy\":\"d893bc25-e892-48fc-acb0-022388d3eed5\",\"updateTime\":\"2020-11-20T03:57:48.617Z\",\"updatedBy\":\"d893bc25-e892-48fc-acb0-022388d3eed5\",\"isSystemField\":false,\"fieldDisplayType\":\"Basic\",\"choiceSetId\":\"00000000-0000-0000-0000-000000000000\",\"isAttachment\":false,\"isRbacEnabled\":false},{\"id\":\"eb77cbe4-a129-eb11-9fb4-000d3a22a01c\",\"name\":\"Count\",\"isPrimaryKey\":false,\"isForeignKey\":false,\"isUnique\":false,\"referenceType\":\"ManyToOne\",\"sqlType\":{\"name\":\"NVARCHAR\",\"lengthLimit\":200},\"isRequired\":false,\"displayName\":\"Count\",\"description\":\"\",\"createTime\":\"2020-11-18T13:28:07.987Z\",\"createdBy\":\"d893bc25-e892-48fc-acb0-022388d3eed5\",\"updateTime\":\"2020-11-20T03:57:57.463Z\",\"updatedBy\":\"d893bc25-e892-48fc-acb0-022388d3eed5\",\"isSystemField\":false,\"fieldDisplayType\":\"Basic\",\"choiceSetId\":\"00000000-0000-0000-0000-000000000000\",\"isAttachment\":false,\"isRbacEnabled\":false},{\"id\":\"b4d937a1-a129-eb11-9fb4-000d3a22a01c\",\"name\":\"CreatedBy\",\"isPrimaryKey\":false,\"isForeignKey\":false,\"isUnique\":false,\"referenceType\":\"ManyToOne\",\"sqlType\":{\"name\":\"UNIQUEIDENTIFIER\"},\"isRequired\":true,\"displayName\":\"CreatedBy\",\"description\":\"System built-in field\",\"createTime\":\"2020-11-18T13:26:14.627Z\",\"createdBy\":\"d893bc25-e892-48fc-acb0-022388d3eed5\",\"updateTime\":\"2020-11-18T13:26:14.627Z\",\"isSystemField\":true,\"fieldDisplayType\":\"Basic\",\"choiceSetId\":\"00000000-0000-0000-0000-000000000000\",\"isAttachment\":false,\"isRbacEnabled\":false},{\"id\":\"b3d937a1-a129-eb11-9fb4-000d3a22a01c\",\"name\":\"CreateTime\",\"isPrimaryKey\":false,\"isForeignKey\":false,\"isUnique\":false,\"referenceType\":\"ManyToOne\",\"sqlType\":{\"name\":\"DATETIMEOFFSET\"},\"isRequired\":true,\"displayName\":\"CreateTime\",\"description\":\"System built-in field\",\"createTime\":\"2020-11-18T13:26:14.627Z\",\"createdBy\":\"d893bc25-e892-48fc-acb0-022388d3eed5\",\"updateTime\":\"2020-11-18T13:26:14.627Z\",\"isSystemField\":true,\"fieldDisplayType\":\"Basic\",\"choiceSetId\":\"00000000-0000-0000-0000-000000000000\",\"isAttachment\":false,\"isRbacEnabled\":false},{\"id\":\"94126fde-a129-eb11-9fb4-000d3a22a01c\",\"name\":\"Dinner\",\"isPrimaryKey\":false,\"isForeignKey\":false,\"isUnique\":false,\"referenceType\":\"ManyToOne\",\"sqlType\":{\"name\":\"NVARCHAR\",\"lengthLimit\":200},\"isRequired\":false,\"displayName\":\"Dinner\",\"description\":\"\",\"createTime\":\"2020-11-18T13:27:57.323Z\",\"createdBy\":\"d893bc25-e892-48fc-acb0-022388d3eed5\",\"updateTime\":\"2020-11-20T03:57:53.243Z\",\"updatedBy\":\"d893bc25-e892-48fc-acb0-022388d3eed5\",\"isSystemField\":false,\"fieldDisplayType\":\"Basic\",\"choiceSetId\":\"00000000-0000-0000-0000-000000000000\",\"isAttachment\":false,\"isRbacEnabled\":false},{\"id\":\"b2d937a1-a129-eb11-9fb4-000d3a22a01c\",\"name\":\"Id\",\"isPrimaryKey\":true,\"isForeignKey\":false,\"isUnique\":false,\"referenceType\":\"ManyToOne\",\"sqlType\":{\"name\":\"UNIQUEIDENTIFIER\"},\"isRequired\":true,\"displayName\":\"Id\",\"description\":\"System built-in field\",\"createTime\":\"2020-11-18T13:26:14.627Z\",\"createdBy\":\"d893bc25-e892-48fc-acb0-022388d3eed5\",\"updateTime\":\"2020-11-18T13:26:14.627Z\",\"isSystemField\":true,\"fieldDisplayType\":\"Basic\",\"choiceSetId\":\"00000000-0000-0000-0000-000000000000\",\"isAttachment\":false,\"isRbacEnabled\":false},{\"id\":\"399b18c4-a129-eb11-9fb4-000d3a22a01c\",\"name\":\"Location\",\"isPrimaryKey\":false,\"isForeignKey\":false,\"isUnique\":false,\"referenceType\":\"ManyToOne\",\"sqlType\":{\"name\":\"NVARCHAR\",\"lengthLimit\":200},\"isRequired\":false,\"displayName\":\"Location\",\"description\":\"\",\"createTime\":\"2020-11-18T13:27:13.147Z\",\"createdBy\":\"d893bc25-e892-48fc-acb0-022388d3eed5\",\"updateTime\":\"2020-11-20T03:58:02.887Z\",\"updatedBy\":\"d893bc25-e892-48fc-acb0-022388d3eed5\",\"isSystemField\":false,\"fieldDisplayType\":\"Basic\",\"choiceSetId\":\"00000000-0000-0000-0000-000000000000\",\"isAttachment\":false,\"isRbacEnabled\":false},{\"id\":\"513f16d4-a129-eb11-9fb4-000d3a22a01c\",\"name\":\"Lunch\",\"isPrimaryKey\":false,\"isForeignKey\":false,\"isUnique\":false,\"referenceType\":\"ManyToOne\",\"sqlType\":{\"name\":\"NVARCHAR\",\"lengthLimit\":200},\"isRequired\":false,\"displayName\":\"Lunch\",\"description\":\"\",\"createTime\":\"2020-11-18T13:27:39.973Z\",\"createdBy\":\"d893bc25-e892-48fc-acb0-022388d3eed5\",\"updateTime\":\"2020-11-20T03:58:07.413Z\",\"updatedBy\":\"d893bc25-e892-48fc-acb0-022388d3eed5\",\"isSystemField\":false,\"fieldDisplayType\":\"Basic\",\"choiceSetId\":\"00000000-0000-0000-0000-000000000000\",\"isAttachment\":false,\"isRbacEnabled\":false},{\"id\":\"d5f939bc-a129-eb11-9fb4-000d3a22a01c\",\"name\":\"OTP\",\"isPrimaryKey\":false,\"isForeignKey\":false,\"isUnique\":false,\"referenceType\":\"ManyToOne\",\"sqlType\":{\"name\":\"NVARCHAR\",\"lengthLimit\":200},\"isRequired\":false,\"displayName\":\"OTP\",\"description\":\"\",\"createTime\":\"2020-11-18T13:26:59.92Z\",\"createdBy\":\"d893bc25-e892-48fc-acb0-022388d3eed5\",\"updateTime\":\"2020-11-20T03:58:12.227Z\",\"updatedBy\":\"d893bc25-e892-48fc-acb0-022388d3eed5\",\"isSystemField\":false,\"fieldDisplayType\":\"Basic\",\"choiceSetId\":\"00000000-0000-0000-0000-000000000000\",\"isAttachment\":false,\"isRbacEnabled\":false},{\"id\":\"993403ec-a129-eb11-9fb4-000d3a22a01c\",\"name\":\"Timings\",\"isPrimaryKey\":false,\"isForeignKey\":false,\"isUnique\":false,\"referenceType\":\"ManyToOne\",\"sqlType\":{\"name\":\"NVARCHAR\",\"lengthLimit\":200},\"isRequired\":false,\"displayName\":\"Timings\",\"description\":\"\",\"createTime\":\"2020-11-18T13:28:20.103Z\",\"createdBy\":\"d893bc25-e892-48fc-acb0-022388d3eed5\",\"updateTime\":\"2020-11-20T03:58:20.8Z\",\"updatedBy\":\"d893bc25-e892-48fc-acb0-022388d3eed5\",\"isSystemField\":false,\"fieldDisplayType\":\"Basic\",\"choiceSetId\":\"00000000-0000-0000-0000-000000000000\",\"isAttachment\":false,\"isRbacEnabled\":false},{\"id\":\"b6d937a1-a129-eb11-9fb4-000d3a22a01c\",\"name\":\"UpdatedBy\",\"isPrimaryKey\":false,\"isForeignKey\":false,\"isUnique\":false,\"referenceType\":\"ManyToOne\",\"sqlType\":{\"name\":\"UNIQUEIDENTIFIER\"},\"isRequired\":false,\"displayName\":\"UpdatedBy\",\"description\":\"System built-in field\",\"createTime\":\"2020-11-18T13:26:14.627Z\",\"createdBy\":\"d893bc25-e892-48fc-acb0-022388d3eed5\",\"updateTime\":\"2020-11-18T13:26:14.627Z\",\"isSystemField\":true,\"fieldDisplayType\":\"Basic\",\"choiceSetId\":\"00000000-0000-0000-0000-000000000000\",\"isAttachment\":false,\"isRbacEnabled\":false},{\"id\":\"b5d937a1-a129-eb11-9fb4-000d3a22a01c\",\"name\":\"UpdateTime\",\"isPrimaryKey\":false,\"isForeignKey\":false,\"isUnique\":false,\"referenceType\":\"ManyToOne\",\"sqlType\":{\"name\":\"DATETIMEOFFSET\"},\"isRequired\":false,\"displayName\":\"UpdateTime\",\"description\":\"System built-in field\",\"createTime\":\"2020-11-18T13:26:14.627Z\",\"createdBy\":\"d893bc25-e892-48fc-acb0-022388d3eed5\",\"updateTime\":\"2020-11-18T13:26:14.627Z\",\"isSystemField\":true,\"fieldDisplayType\":\"Basic\",\"choiceSetId\":\"00000000-0000-0000-0000-000000000000\",\"isAttachment\":false,\"isRbacEnabled\":false}],\"recordCount\":3,\"storageSizeInMB\":0.070312,\"usedStorageSizeInMB\":0.015625,\"isRbacEnabled\":false,\"id\":\"b1d937a1-a129-eb11-9fb4-000d3a22a01c\",\"createdBy\":\"d893bc25-e892-48fc-acb0-022388d3eed5\",\"createTime\":\"2020-11-18T13:26:14.617Z\",\"updateTime\":\"2020-11-18T13:28:20.107Z\",\"updatedBy\":\"d893bc25-e892-48fc-acb0-022388d3eed5\"},{\"name\":\"BBQNVerify\",\"displayName\":\"BBQN-Verify\",\"entityTypeId\":0,\"entityType\":\"Entity\",\"description\":\"\",\"fields\":[{\"id\":\"70f33d05-a229-eb11-9fb4-000d3a22a01c\",\"name\":\"CreatedBy\",\"isPrimaryKey\":false,\"isForeignKey\":false,\"isUnique\":false,\"referenceType\":\"ManyToOne\",\"sqlType\":{\"name\":\"UNIQUEIDENTIFIER\"},\"isRequired\":true,\"displayName\":\"CreatedBy\",\"description\":\"System built-in field\",\"createTime\":\"2020-11-18T13:29:02.447Z\",\"createdBy\":\"d893bc25-e892-48fc-acb0-022388d3eed5\",\"updateTime\":\"2020-11-18T13:29:02.447Z\",\"isSystemField\":true,\"fieldDisplayType\":\"Basic\",\"choiceSetId\":\"00000000-0000-0000-0000-000000000000\",\"isAttachment\":false,\"isRbacEnabled\":false},{\"id\":\"6ff33d05-a229-eb11-9fb4-000d3a22a01c\",\"name\":\"CreateTime\",\"isPrimaryKey\":false,\"isForeignKey\":false,\"isUnique\":false,\"referenceType\":\"ManyToOne\",\"sqlType\":{\"name\":\"DATETIMEOFFSET\"},\"isRequired\":true,\"displayName\":\"CreateTime\",\"description\":\"System built-in field\",\"createTime\":\"2020-11-18T13:29:02.447Z\",\"createdBy\":\"d893bc25-e892-48fc-acb0-022388d3eed5\",\"updateTime\":\"2020-11-18T13:29:02.447Z\",\"isSystemField\":true,\"fieldDisplayType\":\"Basic\",\"choiceSetId\":\"00000000-0000-0000-0000-000000000000\",\"isAttachment\":false,\"isRbacEnabled\":false},{\"id\":\"6ef33d05-a229-eb11-9fb4-000d3a22a01c\",\"name\":\"Id\",\"isPrimaryKey\":true,\"isForeignKey\":false,\"isUnique\":false,\"referenceType\":\"ManyToOne\",\"sqlType\":{\"name\":\"UNIQUEIDENTIFIER\"},\"isRequired\":true,\"displayName\":\"Id\",\"description\":\"System built-in field\",\"createTime\":\"2020-11-18T13:29:02.447Z\",\"createdBy\":\"d893bc25-e892-48fc-acb0-022388d3eed5\",\"updateTime\":\"2020-11-18T13:29:02.447Z\",\"isSystemField\":true,\"fieldDisplayType\":\"Basic\",\"choiceSetId\":\"00000000-0000-0000-0000-000000000000\",\"isAttachment\":false,\"isRbacEnabled\":false},{\"id\":\"936abe10-a229-eb11-9fb4-000d3a22a01c\",\"name\":\"MobileNumber\",\"isPrimaryKey\":false,\"isForeignKey\":false,\"isUnique\":false,\"referenceType\":\"ManyToOne\",\"sqlType\":{\"name\":\"NVARCHAR\",\"lengthLimit\":200},\"isRequired\":false,\"displayName\":\"Mobile Number\",\"description\":\"\",\"createTime\":\"2020-11-18T13:29:21.73Z\",\"createdBy\":\"d893bc25-e892-48fc-acb0-022388d3eed5\",\"updateTime\":\"2020-11-19T18:27:05.78Z\",\"updatedBy\":\"d893bc25-e892-48fc-acb0-022388d3eed5\",\"isSystemField\":false,\"fieldDisplayType\":\"Basic\",\"choiceSetId\":\"00000000-0000-0000-0000-000000000000\",\"isAttachment\":false,\"isRbacEnabled\":false},{\"id\":\"ab67861c-a229-eb11-9fb4-000d3a22a01c\",\"name\":\"OTP\",\"isPrimaryKey\":false,\"isForeignKey\":true,\"isUnique\":false,\"referenceName\":\"fk_OTP_0045776d-ce26-46b6-9cdb-b85bfe9b0278\",\"referenceEntity\":{\"name\":\"BBQNConsolidated\",\"displayName\":\"BBQN - Consolidated\",\"entityTypeId\":0,\"entityType\":\"Entity\",\"isRbacEnabled\":false,\"id\":\"b1d937a1-a129-eb11-9fb4-000d3a22a01c\",\"createTime\":\"0001-01-01T00:00:00Z\"},\"referenceField\":{\"id\":\"d5f939bc-a129-eb11-9fb4-000d3a22a01c\",\"definition\":{\"name\":\"OTP\",\"isPrimaryKey\":false,\"isForeignKey\":false,\"isUnique\":false,\"referenceType\":\"ManyToOne\",\"sqlType\":{\"name\":\"NVARCHAR\",\"lengthLimit\":200},\"isRequired\":false,\"displayName\":\"OTP\",\"createTime\":\"2020-11-20T05:12:02.0241599Z\",\"updateTime\":\"2020-11-20T05:12:02.0241599Z\",\"isSystemField\":false,\"fieldDisplayType\":\"Basic\",\"choiceSetId\":\"00000000-0000-0000-0000-000000000000\",\"isAttachment\":false,\"isRbacEnabled\":false}},\"referenceType\":\"ManyToOne\",\"sqlType\":{\"name\":\"UNIQUEIDENTIFIER\",\"lengthLimit\":200},\"isRequired\":false,\"displayName\":\"OTP\",\"description\":\"\",\"createTime\":\"2020-11-18T13:29:41.49Z\",\"createdBy\":\"d893bc25-e892-48fc-acb0-022388d3eed5\",\"updateTime\":\"2020-11-20T04:28:59.863Z\",\"updatedBy\":\"d893bc25-e892-48fc-acb0-022388d3eed5\",\"isSystemField\":false,\"fieldDisplayType\":\"Relationship\",\"choiceSetId\":\"00000000-0000-0000-0000-000000000000\",\"isAttachment\":false,\"isRbacEnabled\":false},{\"id\":\"72f33d05-a229-eb11-9fb4-000d3a22a01c\",\"name\":\"UpdatedBy\",\"isPrimaryKey\":false,\"isForeignKey\":false,\"isUnique\":false,\"referenceType\":\"ManyToOne\",\"sqlType\":{\"name\":\"UNIQUEIDENTIFIER\"},\"isRequired\":false,\"displayName\":\"UpdatedBy\",\"description\":\"System built-in field\",\"createTime\":\"2020-11-18T13:29:02.447Z\",\"createdBy\":\"d893bc25-e892-48fc-acb0-022388d3eed5\",\"updateTime\":\"2020-11-18T13:29:02.447Z\",\"isSystemField\":true,\"fieldDisplayType\":\"Basic\",\"choiceSetId\":\"00000000-0000-0000-0000-000000000000\",\"isAttachment\":false,\"isRbacEnabled\":false},{\"id\":\"71f33d05-a229-eb11-9fb4-000d3a22a01c\",\"name\":\"UpdateTime\",\"isPrimaryKey\":false,\"isForeignKey\":false,\"isUnique\":false,\"referenceType\":\"ManyToOne\",\"sqlType\":{\"name\":\"DATETIMEOFFSET\"},\"isRequired\":false,\"displayName\":\"UpdateTime\",\"description\":\"System built-in field\",\"createTime\":\"2020-11-18T13:29:02.447Z\",\"createdBy\":\"d893bc25-e892-48fc-acb0-022388d3eed5\",\"updateTime\":\"2020-11-18T13:29:02.447Z\",\"isSystemField\":true,\"fieldDisplayType\":\"Basic\",\"choiceSetId\":\"00000000-0000-0000-0000-000000000000\",\"isAttachment\":false,\"isRbacEnabled\":false}],\"recordCount\":2,\"storageSizeInMB\":0.070312,\"usedStorageSizeInMB\":0.015625,\"isRbacEnabled\":false,\"id\":\"6df33d05-a229-eb11-9fb4-000d3a22a01c\",\"createdBy\":\"d893bc25-e892-48fc-acb0-022388d3eed5\",\"createTime\":\"2020-11-18T13:29:02.43Z\",\"updateTime\":\"2020-11-20T03:30:11.317Z\",\"updatedBy\":\"d893bc25-e892-48fc-acb0-022388d3eed5\"}],\"choicesets\":[]}"
}